id,psc,address_id
1,69633,13351486
2,69632,13645587
3,69635,13386239
4,69634,13588125
5,69637,13489500
6,69636,13484583
7,69639,13453220
8,69638,13547968
9,69641,13540360
10,69642,13623044
11,69647,13654713
12,16400,22231421
13,69649,13424114
14,69648,13419412
15,69651,13384171
16,69650,13414852
17,69655,13364987
18,69661,13614011
19,69663,23141441
20,69662,13580434
21,69665,13495810
22,69664,13425081
23,69667,13508440
24,69666,13551663
25,69671,13355104
26,69673,13412329
27,69672,13444239
28,41002,16621654
29,69674,13416227
30,69676,13449729
31,69681,13658981
32,69683,13400649
33,69685,13477501
34,53301,7670141
35,69684,13566644
36,53303,13145550
37,53304,7492120
38,53305,7509693
39,53311,7746792
40,53312,7537590
41,53313,7593287
42,53314,7546432
43,53315,7511043
44,53316,7483520
45,69701,13435728
46,73801,20420889
47,53321,7647298
48,53322,7667230
49,77900,16082842
50,53332,7501200
51,53333,7673850
52,53341,7484275
53,53342,7651511
54,53343,7584211
55,53344,7619073
56,53345,7497938
57,53351,7732694
58,53352,7496001
59,53353,7687982
60,53354,7589506
61,53361,7532326
62,53362,7627629
63,53363,7745419
64,16500,22268413
65,53364,7555491
66,53371,7503873
67,53372,7563469
68,53373,7637161
69,53374,7519117
70,53375,7506724
71,28802,1098276
72,37001,19980531
73,37004,23380799
74,37005,23343931
75,41101,17731143
76,37006,11747471
77,37007,11723742
78,41103,16712331
79,37008,20012993
80,37010,20022646
81,41108,16619358
82,41111,16795016
83,41112,16650956
84,41113,16803230
85,53401,7665385
86,41114,16824822
87,41115,16653581
88,41116,16688538
89,41117,16714831
90,41118,16637577
91,41119,16733100
92,41120,16778049
93,61600,19574266
94,41121,17730040
95,69801,13605801
96,41131,16621069
97,41132,16735722
98,73901,12442658
99,41133,16724712
100,73904,14138867
101,41141,16755626
102,41142,16751256
103,73911,20461623
104,73913,14153033
105,41145,17716926
106,73912,12472816
107,41146,16707320
108,73915,12453544
109,41147,16758358
110,73914,15382524
111,41148,16701593
112,73921,20501048
113,73923,20475756
114,41155,16877446
115,41156,16621832
116,73925,20534558
117,73924,14147815
118,41162,16794079
119,41164,16828381
120,73932,12507628
121,73934,20538545
122,73937,14109000
123,73936,20417594
124,73939,14170850
125,41171,16678010
126,73938,12500780
127,41172,16668405
128,73941,15321193
129,41173,16675975
130,41174,16781953
131,73943,15365247
132,73942,20447159
133,73945,14098261
134,73944,20407181
135,73947,14129485
136,73946,14220245
137,73949,14176602
138,41181,16628756
139,41182,16656075
140,73951,12488232
141,41183,16673867
142,41184,16790421
143,73953,20419970
144,41185,16664027
145,41186,16616715
146,73955,12505188
147,41187,16694295
148,28901,1101684
149,28902,1119150
150,73959,15370755
151,28903,1104403
152,28904,1132857
153,73961,12513482
154,28905,1105761
155,33001,646041
156,28906,1167332
157,33002,581607
158,28907,1153668
159,33003,609226
160,28908,1089382
161,33005,573281
162,28911,21079099
163,33007,577910
164,28912,18219632
165,33008,9063081
166,28913,1109073
167,41201,16626605
168,28914,20816014
169,28915,1096842
170,33011,570044
171,28916,1182935
172,33012,592358
173,28917,18272045
174,33013,644706
175,33014,649104
176,33016,730068
177,28921,18226418
178,33017,606154
179,28922,1124102
180,28923,18214177
181,28924,18258883
182,73981,14127105
183,28925,1100637
184,33021,652288
185,53501,13143867
186,28926,1193333
187,33022,721662
188,33023,25556100
189,33024,9030255
190,73985,12456187
191,33025,565822
192,73984,15331687
193,33026,552623
194,28931,1093681
195,33027,758612
196,28932,1113143
197,61700,19391218
198,28933,1146963
199,28934,1117114
200,73991,14092956
201,28935,1137204
202,28936,1158511
203,33032,586251
204,28937,18243380
205,33033,9020420
206,73992,20449976
207,73995,12459861
208,33035,9030671
209,73994,12511927
210,33036,9021523
211,73997,14120704
212,28941,1170554
213,33038,725391
214,73998,14125404
215,33040,12063061
216,33041,562483
217,29001,18227597
218,33101,688282
219,41301,16632834
220,61800,19340494
221,74101,8169110
222,33141,565385
223,33144,629651
224,33151,572560
225,33152,569101
226,33162,9043438
227,33165,733954
228,70030,3236145
229,25001,11694203
230,33201,913821
231,33202,1072722
232,33203,970786
233,33204,7029756
234,33205,893374
235,37301,20020503
236,37302,20027818
237,33207,7054491
238,37304,11744154
239,33209,979660
240,37305,30695333
241,33211,907529
242,33214,1032739
243,37311,11756349
244,37312,16486277
245,37314,16510615
246,37315,20002203
247,37316,11711892
248,53701,5328276
249,37321,17628652
250,37322,19996314
251,37323,20016816
252,37324,17623031
253,61900,19031831
254,37331,11785187
255,37332,19990146
256,37333,11780215
257,37335,19983409
258,37336,20009739
259,74201,8220441
260,78301,23254611
261,37341,19971940
262,37343,17615224
263,37344,17639930
264,78305,16146891
265,37346,16514483
266,78307,16193954
267,37347,20012004
268,78306,16111613
269,37348,19974612
270,74213,8164746
271,37349,16498968
272,37350,20006683
273,25063,14492733
274,37351,11729163
275,25064,14497719
276,78313,16174526
277,25065,12633241
278,25066,21328803
279,25067,15577155
280,78314,16068891
281,25068,12639711
282,74221,8257931
283,25069,11699108
284,78316,16099524
285,25070,12665835
286,25072,14543508
287,78321,16062451
288,25073,12644617
289,37361,11737506
290,37362,17604435
291,25075,20827598
292,37363,11801735
293,78322,16064470
294,37364,19979657
295,78325,16078071
296,37365,17589975
297,78324,16063538
298,37366,17639221
299,74231,8300526
300,37367,17587174
301,74233,8208506
302,25081,11700033
303,25082,21296596
304,74235,8183813
305,25083,14588668
306,37371,19969333
307,25084,12648035
308,37372,11742763
309,74237,8292710
310,78333,20630786
311,25085,12631027
312,37373,17609330
313,74236,8202630
314,78332,16208447
315,78335,16140877
316,25087,14555026
317,12800,21757828
318,25088,12634361
319,25089,12685241
320,78336,16170172
321,25090,14507404
322,74243,8276315
323,25091,12644307
324,74242,8400831
325,16900,22147543
326,25092,21322759
327,74245,8182175
328,37381,11748273
329,37382,16494989
330,74247,8189463
331,78342,16176863
332,37384,19979037
333,78345,16246217
334,78344,16115163
335,74251,8266778
336,78347,16135661
337,78346,16180305
338,74253,8235163
339,78349,16183860
340,25101,11691808
341,74255,8162620
342,74254,8165246
343,74257,8239169
344,78353,16299591
345,74256,8282633
346,78355,16314379
347,74258,8186570
348,78354,16232607
349,78357,16176405
350,33301,7028008
351,74260,8476659
352,78356,16108078
353,74265,8279128
354,78361,16129946
355,37401,16497775
356,74267,8376808
357,74266,8317178
358,78365,16204174
359,41501,14982544
360,74271,8192219
361,41503,20213891
362,74273,8354073
363,74272,8259674
364,74275,8244022
365,74274,8327882
366,78373,16125037
367,78372,16088972
368,41510,20209584
369,78375,16067061
370,74281,8179034
371,53801,5255350
372,53802,5352355
373,74283,8222037
374,53803,7182201
375,74282,8213101
376,53804,5231965
377,74285,8364672
378,53805,5295548
379,78383,5820359
380,53807,5330441
381,62000,19038747
382,78385,16081498
383,74291,8350841
384,78386,16093691
385,74293,8290091
386,74292,8252084
387,78391,16375955
388,70200,3179575
389,74301,8171751
390,78397,16222636
391,53821,5265614
392,78396,16292901
393,53823,5253454
394,53824,5259495
395,78401,20621426
396,53825,5174651
397,53826,5328942
398,53831,18872921
399,53832,5197431
400,53833,5199522
401,25162,12654612
402,53834,5318726
403,25163,14547589
404,53835,5414831
405,25164,14542251
406,53836,5422299
407,25165,14514770
408,25166,14501660
409,25167,2922461
410,25168,14522993
411,25169,14546621
412,53841,7208367
413,53842,5275709
414,53843,5336678
415,53845,5335051
416,53851,5187664
417,53854,5355630
418,53861,7201371
419,53862,5198577
420,53863,5286191
421,17000,22296344
422,53864,5261228
423,53865,5190240
424,25202,6439888
425,25203,6366422
426,25204,6258557
427,25205,6407986
428,29301,2524708
429,25206,6251633
430,25207,6462235
431,25208,6544495
432,25209,6274919
433,33401,6909159
434,25210,6409903
435,29306,15492311
436,29307,15520030
437,37501,292842
438,25216,6469787
439,25217,6436145
440,25218,6338666
441,25219,6270778
442,25225,6266185
443,25226,8517517
444,25228,6392946
445,25229,6546285
446,53901,5327245
447,25230,6353096
448,25231,6589111
449,58001,9357149
450,62100,19067046
451,25241,6426409
452,25242,12773379
453,25243,6474560
454,25244,6474748
455,25245,8521921
456,70300,3323447
457,25246,12841994
458,74401,8176892
459,33441,1052535
460,25250,6399321
461,33442,1013670
462,33443,7024371
463,33444,12057975
464,78501,16061047
465,33452,7037961
466,25261,6264204
467,33453,910767
468,25262,12748633
469,33454,881970
470,25263,12870161
471,33455,964778
472,25264,6324452
473,25265,6272266
474,25266,6316590
475,25267,6600051
476,25268,6314538
477,53941,17922089
478,53942,5222419
479,53943,5217377
480,53944,7180896
481,53945,5263727
482,53952,5367352
483,25281,6327567
484,53953,7196105
485,25282,12779962
486,53955,5207606
487,53956,7210302
488,53957,5403308
489,13000,21759359
490,53961,5273056
491,53962,5374138
492,17100,22313052
493,53971,5314623
494,53972,5186587
495,25301,12755991
496,53973,5182531
497,53974,5354153
498,25303,6437761
499,53976,5270715
500,29401,2519780
501,29402,15493377
502,29403,21222258
503,29404,15486869
504,29405,2526921
505,33501,934763
506,29406,12591611
507,33503,922099
508,29411,2522144
509,29412,15549623
510,29413,12596795
511,41701,20293135
512,29414,15524035
513,41702,20181779
514,29415,2538555
515,41703,20189281
516,41704,14990369
517,41705,15013421
518,29421,18856896
519,29423,12594245
520,29424,2523400
521,41712,18528601
522,29425,18855563
523,41713,15010139
524,29426,2521181
525,29427,12625949
526,29428,12599182
527,29429,15487920
528,29430,15513661
529,29431,12600954
530,41722,14985128
531,41723,15001687
532,41724,20194064
533,41725,15007791
534,29441,15490815
535,29442,2565021
536,29443,21191794
537,41731,18523536
538,29445,15522202
539,33541,942600
540,29446,21191387
541,29447,15529941
542,33543,999750
543,29448,2531283
544,33544,20746253
545,33546,991066
546,33547,963607
547,41741,18507018
548,41742,18514120
549,33551,912760
550,33554,7060840
551,33555,1008170
552,41752,14987848
553,33561,895083
554,41753,15016412
555,41754,14998050
556,33563,7022930
557,33564,935999
558,41757,14994364
559,29471,21197440
560,29473,15495876
561,41761,18541836
562,29474,21198551
563,41762,20207069
564,29475,2571650
565,41763,20247214
566,29476,12609625
567,29477,2550105
568,41765,20300051
569,29478,2529041
570,29479,21199833
571,41771,15018458
572,41772,20196431
573,41781,20202661
574,25401,6554288
575,29501,12588903
576,33601,20746741
577,37701,2135973
578,41801,23783362
579,41804,14995026
580,50002,23845091
581,50003,21013233
582,50004,23822520
583,54101,2246252
584,54102,2275309
585,54103,2281911
586,50009,23830123
587,50011,23913258
588,50012,23803193
589,62300,19379188
590,66401,13163647
591,66403,24641081
592,66402,24128341
593,66405,24003727
594,66404,24107328
595,66407,24645842
596,66406,23955261
597,74601,4263651
598,66408,24099481
599,66411,24023264
600,78701,7965281
601,58221,9496823
602,66412,24696676
603,58222,9367501
604,58223,9396756
605,58224,9488197
606,66417,13267094
607,66423,24924342
608,58231,9481206
609,58232,9454667
610,58233,9376747
611,66424,24951846
612,58234,9436936
613,58235,9460756
614,66431,24929131
615,58241,9521615
616,66432,24684180
617,58242,9424695
618,58243,9553835
619,66434,13182358
620,58244,9517154
621,58245,9558519
622,66441,13223861
623,66443,24955914
624,58251,9546758
625,66442,13205684
626,58252,9652744
627,58253,9372733
628,66444,23970685
629,58254,9560211
630,66447,24155101
631,58255,9400699
632,66446,23980265
633,58256,9566350
634,66449,24136875
635,58257,9451951
636,66448,24122611
637,66451,23933321
638,66453,24008427
639,58261,9364463
640,66452,13247271
641,58262,9526510
642,66455,13214241
643,58263,9400249
644,66454,13222759
645,58264,9410481
646,66457,13201247
647,58265,9523782
648,66456,23934492
649,58266,9439188
650,66459,13258541
651,66458,24143341
652,66461,13176749
653,66463,24151190
654,58271,9375058
655,66462,24617059
656,58272,9513647
657,66465,24618187
658,58273,9474978
659,66464,24938327
660,58274,9422277
661,66467,24103403
662,66466,24622354
663,58276,9464701
664,33701,7091320
665,58277,9449825
666,66471,24102709
667,37801,14722607
668,58281,9392980
669,37802,2150395
670,58282,9356452
671,66475,24934577
672,37803,2196689
673,58283,9568751
674,37804,2201933
675,41901,20200765
676,37806,2174120
677,58286,9446222
678,37807,17310563
679,58287,9367942
680,37808,2130581
681,66481,24168327
682,37809,14742853
683,46001,23590866
684,37810,14684161
685,66483,24949655
686,58291,9355944
687,66482,13241443
688,58292,9426850
689,46005,23778407
690,58293,9432329
691,66484,13168088
692,46006,23667028
693,58294,9405933
694,46007,23676493
695,37816,2188139
696,46008,23682434
697,37817,14746301
698,54201,2367254
699,37818,2159872
700,46010,23689404
701,66491,24922561
702,54203,23076810
703,54204,15154076
704,37821,17648017
705,58301,9357637
706,46014,23707526
707,46015,23717700
708,37824,14759306
709,62400,19671105
710,37825,2198371
711,37826,17308704
712,54211,21040583
713,54212,15165132
714,66501,24062588
715,37831,2132818
716,37832,14692481
717,37833,14672421
718,54221,21045739
719,54223,9888152
720,54224,23137151
721,74705,4469216
722,78801,8044341
723,37841,14716453
724,54225,20359047
725,37842,2155516
726,54226,2330091
727,74707,4463889
728,78803,5823668
729,37843,2139707
730,54227,15160696
731,74706,4271271
732,78805,8012474
733,78804,7983760
734,37846,17662249
735,74711,4424051
736,54232,2247020
737,54233,2358557
738,54234,2352117
739,74715,4407440
740,78811,8024332
741,54235,2377900
742,74714,4576136
743,37852,2135477
744,54236,15158659
745,74717,4284453
746,78813,5854563
747,37853,17647371
748,54237,2373564
749,74716,4287576
750,74719,4383079
751,78815,7969520
752,37855,2165465
753,74718,4360907
754,78814,8053324
755,37856,14782006
756,74721,4431111
757,74720,4570600
758,78816,8076022
759,54242,2292327
760,74723,4267109
761,74722,4305248
762,74725,4388381
763,78821,7999470
764,37861,17302943
765,74724,4567625
766,78820,18179045
767,37862,2214610
768,74727,4391195
769,78823,5847257
770,78825,7963700
771,74728,4472985
772,74731,4547632
773,74733,4377401
774,74735,4412851
775,37871,14776961
776,37872,14753618
777,78833,5835976
778,37873,14695821
779,78832,7989709
780,74741,4331273
781,74743,4532830
782,74745,4631595
783,37881,14681421
784,74744,4558464
785,37882,2226537
786,74747,4318374
787,37883,2167531
788,74751,4264975
789,74753,4460201
790,25601,2926091
791,74752,4625692
792,74755,4456688
793,37891,14680173
794,74754,4387392
795,37892,14679311
796,74757,4370147
797,74756,4347064
798,74761,4256514
799,33801,12990906
800,74763,4573773
801,74762,4302184
802,33805,7128215
803,37901,14675064
804,74764,4638352
805,33806,7107901
806,74766,4626397
807,33808,12985660
808,74769,4562488
809,74768,4633849
810,74771,4527381
811,74770,4491734
812,74773,4476557
813,74775,4258941
814,74774,4418476
815,74781,4294653
816,33821,13001299
817,54301,2299551
818,33822,7163525
819,54303,2295784
820,74782,4345436
821,33824,7077092
822,58401,9358757
823,74784,4333055
824,74787,4350847
825,74786,4275632
826,33828,7100167
827,62500,19211210
828,74791,4564642
829,66601,13170350
830,74792,4535103
831,66603,24608718
832,74795,4474201
833,66602,24675041
834,74794,4367499
835,74801,4599624
836,33841,7118368
837,33842,7102658
838,33843,7123311
839,33844,7092059
840,78901,7972288
841,33845,7157045
842,54341,9878581
843,54342,9876278
844,54344,2236184
845,54351,2340291
846,54352,20364334
847,54361,2338777
848,54362,2317508
849,54371,20356935
850,54372,2239680
851,25701,2951801
852,54373,20362196
853,54374,20355050
854,25703,2957043
855,54377,2355787
856,25706,2961857
857,25708,2966298
858,25709,2970708
859,33901,6904530
860,78961,7953275
861,38001,2164396
862,78963,5869102
863,78962,5861543
864,78964,5842387
865,78969,8061327
866,25721,2971704
867,25722,2976170
868,78971,8009007
869,25723,2986001
870,25724,3015424
871,78973,7997426
872,50301,23832801
873,78972,7962312
874,25726,2999781
875,50302,21024065
876,78975,7967560
877,50303,20304722
878,78974,7994125
879,25728,3000478
880,50304,15734242
881,50305,21025878
882,54401,23079142
883,50306,15746291
884,54404,23080116
885,78983,8015813
886,50311,23856939
887,78982,7975376
888,50312,15737039
889,78985,8004692
890,50313,15739309
891,50314,15823121
892,50315,15733734
893,50316,20306130
894,66701,24175641
895,25741,3001300
896,25742,3012671
897,78991,7977794
898,25744,3014851
899,50321,15748286
900,70800,3158748
901,50322,20312768
902,50323,15733033
903,50324,20310170
904,74901,4417275
905,50325,15737381
906,50326,15785793
907,25751,3023869
908,50327,15748863
909,79001,15404617
910,25753,3034305
911,25755,3039421
912,50331,20331614
913,25756,3040348
914,50332,23801298
915,50333,15794229
916,25763,3050157
917,25764,3056627
918,25765,3073718
919,50341,23919884
920,25766,3066801
921,50343,21013900
922,25768,3068005
923,50344,15763935
924,50346,21010293
925,54442,2240017
926,25771,3074412
927,54443,7258127
928,50351,15730212
929,50352,15806821
930,50353,17411424
931,50354,20320736
932,50355,15788768
933,54451,23077484
934,50356,15740889
935,54452,20354223
936,50357,15816532
937,54454,20366167
938,54455,2322137
939,50361,15766594
940,25786,3075729
941,50362,15770460
942,25787,3080978
943,50363,15781747
944,25788,3081869
945,50364,21027129
946,25789,3082296
947,50365,15754766
948,54461,21042811
949,50366,20309473
950,54462,20370890
951,25791,3086348
952,54464,2346893
953,54466,2324504
954,54472,20349408
955,25801,3094120
956,54474,2242265
957,79051,20655631
958,54475,2316161
959,79053,15435750
960,54477,2314231
961,79052,21688397
962,79055,20657889
963,79054,15439771
964,79057,15411516
965,79058,15441652
966,34004,12051578
967,79061,15414531
968,38101,8672351
969,79063,15414884
970,79065,5896592
971,79064,15438198
972,34012,21401683
973,79069,5908671
974,46303,14937824
975,79070,20650507
976,50401,15730972
977,34021,2849607
978,34022,6910149
979,46311,23752084
980,46312,23568526
981,79081,5903441
982,58601,12261033
983,58603,13753100
984,79082,15432432
985,62700,19541317
986,79084,15422259
987,34034,6915515
988,70900,3311155
989,46331,23558300
990,75002,11037563
991,46334,14893207
992,46342,12072486
993,46343,18842593
994,46344,14920662
995,46345,14900505
996,46346,14925061
997,46348,14880903
998,46352,14881187
999,46353,16557557
1000,46362,14874661
1001,46365,23586362
1002,46373,14873290
1003,25901,3114775
1004,34101,21398496
1005,38201,12948594
1006,38202,8758212
1007,38203,16532147
1008,38206,16529634
1009,38208,20051824
1010,46401,14877937
1011,38211,8747385
1012,38216,8739056
1013,38218,16545354
1014,38221,8697922
1015,38222,12959618
1016,38223,12944475
1017,62800,19409389
1018,38226,12940917
1019,38229,20051875
1020,66902,10669850
1021,38232,12948420
1022,66904,10880534
1023,71000,3205673
1024,75101,11108550
1025,34142,2850532
1026,75103,11047330
1027,75102,11173971
1028,75105,11091100
1029,79201,2781522
1030,38241,12938785
1031,75104,11151111
1032,38242,8721955
1033,75111,11084006
1034,75115,11039701
1035,75114,11066695
1036,75117,11074990
1037,75116,11135221
1038,75119,11045892
1039,75118,11156058
1040,75121,11052694
1041,75123,11062355
1042,75122,11125772
1043,75125,11099453
1044,75124,11103485
1045,75127,11201533
1046,75131,11040823
1047,38272,8688702
1048,38273,8716757
1049,38276,8717117
1050,38278,8712743
1051,38279,8690995
1052,38281,8666873
1053,75144,11135972
1054,38282,12935751
1055,38283,16543611
1056,34192,6940102
1057,38291,8718687
1058,30100,24394718
1059,38292,16548205
1060,38293,12950556
1061,34201,2842688
1062,38301,867845
1063,50601,17423759
1064,54701,7219644
1065,58801,12312631
1066,58805,13717499
1067,58811,13777505
1068,58812,12254070
1069,58813,13717987
1070,71100,3219607
1071,75201,11096284
1072,58821,13742001
1073,58822,12289221
1074,79303,2805693
1075,58823,12284734
1076,79302,2809133
1077,58824,12311685
1078,79305,2807289
1079,58825,12276367
1080,58826,12328995
1081,58827,12242969
1082,58831,13764250
1083,58832,12244996
1084,58833,13721755
1085,79312,2768941
1086,58834,13722867
1087,79315,2796333
1088,58835,13792091
1089,79316,13956795
1090,58841,12243701
1091,58842,18126499
1092,79323,20397941
1093,58844,13768778
1094,58845,12257516
1095,79324,13974220
1096,79326,20401248
1097,79331,2787326
1098,58851,18563091
1099,58852,13730983
1100,58854,5741670
1101,58856,12244465
1102,79336,13983288
1103,58861,12292508
1104,58862,18126693
1105,79342,14012332
1106,58864,13743449
1107,58865,5738393
1108,79344,20394373
1109,58866,12309389
1110,58867,12315290
1111,26101,22842136
1112,79351,2799421
1113,79356,2779650
1114,38401,811351
1115,38402,840181
1116,38403,777692
1117,38404,792071
1118,46601,12165034
1119,79368,13951475
1120,46602,12085171
1121,79371,20389027
1122,38411,838942
1123,46604,12193640
1124,46605,12091952
1125,46606,12088099
1126,50702,1754459
1127,50703,1712241
1128,79374,20386354
1129,50704,17507481
1130,50705,1682679
1131,79376,15446409
1132,50706,1686101
1133,50707,1737082
1134,38421,823287
1135,58901,5723108
1136,38422,794678
1137,79383,13969609
1138,50711,1737937
1139,79382,14032538
1140,50712,1709526
1141,38425,17665591
1142,50713,16886453
1143,79384,13966278
1144,38426,862568
1145,38427,17688833
1146,50715,17455456
1147,67101,10691693
1148,67103,10962239
1149,79391,2790629
1150,67102,10733612
1151,38432,859494
1152,79393,2815176
1153,38433,17691133
1154,50721,17514185
1155,71200,3146839
1156,50722,17501644
1157,67107,10787640
1158,79395,13963571
1159,50723,1657992
1160,67106,10799095
1161,50724,1669206
1162,75301,11082704
1163,79397,13953869
1164,79399,13952528
1165,67110,10670581
1166,79401,2818566
1167,38441,875376
1168,38442,850721
1169,38443,875813
1170,50731,17441013
1171,38444,877514
1172,50732,1652133
1173,50733,17443938
1174,50734,17520771
1175,38451,12951552
1176,67122,10915303
1177,67125,10727540
1178,67124,10971076
1179,50742,1689134
1180,50743,1717341
1181,67126,10708634
1182,50744,17450756
1183,67129,10901353
1184,50745,17465982
1185,67128,10698469
1186,67131,10948457
1187,67133,10817450
1188,67132,10866523
1189,38462,17680441
1190,67134,10736565
1191,50752,17471362
1192,50753,1663046
1193,50754,1703889
1194,67139,10667717
1195,67138,10957651
1196,67140,10668624
1197,50758,1693123
1198,38471,846139
1199,50759,17467616
1200,67142,10954236
1201,38472,798771
1202,38473,17663113
1203,67151,10788581
1204,18000,22375198
1205,67153,10680357
1206,38481,779237
1207,67152,10723617
1208,67155,11016612
1209,50771,1679058
1210,67154,10677429
1211,50773,17532931
1212,67156,10717102
1213,38486,17686024
1214,67161,10666877
1215,75353,11054077
1216,50777,1659472
1217,75352,11157488
1218,26202,22960996
1219,67163,10805010
1220,75355,11130008
1221,26203,12899682
1222,38491,790290
1223,67162,10854771
1224,75354,11040025
1225,26204,22917489
1226,38492,17681855
1227,67165,10689478
1228,26205,22973915
1229,38493,866865
1230,50781,1756338
1231,67164,10683542
1232,75356,11121319
1233,26206,16406087
1234,50782,1696971
1235,67167,10756612
1236,67169,10719202
1237,75361,11090405
1238,34401,6730353
1239,67168,10748385
1240,67171,10716424
1241,75363,11167076
1242,26211,16420357
1243,75362,11046716
1244,26212,22933697
1245,67173,10695508
1246,26213,22909982
1247,38501,827606
1248,67172,10820647
1249,75364,11034718
1250,26214,22862153
1251,67175,10810471
1252,75367,11117052
1253,26215,12900478
1254,50791,21570523
1255,75366,11085053
1256,50792,1733087
1257,67177,10687785
1258,67176,10677771
1259,75368,11058692
1260,67178,10681281
1261,67181,10841890
1262,26221,17255350
1263,26222,16391764
1264,26223,22839364
1265,67182,10701231
1266,26225,22940812
1267,50801,1651218
1268,54901,7232527
1269,26231,12889989
1270,26232,22935983
1271,54906,7215941
1272,54907,7316828
1273,54908,7336471
1274,54911,9684212
1275,54912,13142178
1276,67201,10698914
1277,26241,12892084
1278,26242,12889083
1279,26243,16432045
1280,26244,16394399
1281,71300,3140121
1282,54921,7233931
1283,54922,7434758
1284,26251,22856536
1285,54923,7310609
1286,26252,16439562
1287,79501,13958798
1288,26255,22893237
1289,26256,16401051
1290,54931,7236832
1291,54932,7261438
1292,26261,16434943
1293,26262,22850945
1294,54934,7477902
1295,26263,22872523
1296,54936,13140337
1297,54937,7388306
1298,54941,9658556
1299,26272,22839755
1300,54946,7414811
1301,54947,7346123
1302,54948,7352336
1303,54952,7413033
1304,26281,16426681
1305,54954,7267762
1306,54955,7386419
1307,26284,22882715
1308,54956,7235887
1309,26285,17255660
1310,54957,7411901
1311,14000,21858349
1312,54962,7354568
1313,26291,17262810
1314,54963,7303564
1315,18100,22315829
1316,54964,7213913
1317,26293,22906045
1318,54971,7356277
1319,54972,7324651
1320,26301,12897345
1321,54973,7307918
1322,54974,20814381
1323,34501,6804578
1324,54981,7311605
1325,34502,6809944
1326,54982,7231024
1327,54983,7230575
1328,54984,7462751
1329,38601,8946884
1330,34506,6740197
1331,34507,6881815
1332,34509,6847013
1333,46801,12133485
1334,46802,12132764
1335,46803,19843542
1336,46804,12150614
1337,50901,17421799
1338,34521,6820620
1339,55001,7220961
1340,34522,6756352
1341,46811,12092509
1342,46812,12069035
1343,34525,6735339
1344,59101,3555356
1345,34526,6732526
1346,59102,3656268
1347,34532,6747345
1348,34533,6784178
1349,46821,12132519
1350,34534,6800769
1351,46822,19833041
1352,34535,6849466
1353,46824,12079570
1354,46825,12160105
1355,46826,12143961
1356,46827,12135500
1357,75501,17064783
1358,34543,6781811
1359,79601,24802891
1360,34545,6736521
1361,46833,12101028
1362,79604,24777684
1363,79607,24786926
1364,46841,12156337
1365,46843,12064700
1366,46844,12105791
1367,46845,12157805
1368,46846,12147010
1369,46847,12164003
1370,46848,12118842
1371,34561,6744036
1372,46849,12212342
1373,34562,6742017
1374,46850,12214795
1375,46851,19857799
1376,46861,12073211
1377,14100,21981434
1378,46871,12126560
1379,18200,22324372
1380,26401,3092445
1381,34601,6738150
1382,38701,8952451
1383,38706,18386008
1384,38711,8960267
1385,38715,18376614
1386,38716,18368964
1387,55101,7462221
1388,55102,7288042
1389,38719,8948828
1390,59201,3559165
1391,59202,3568946
1392,59203,3536815
1393,59204,3553591
1394,67401,18594948
1395,38731,23067039
1396,59211,3605337
1397,38732,18399398
1398,59212,3607500
1399,38733,8958416
1400,59213,3514781
1401,71500,3351921
1402,38734,18429394
1403,59214,3517420
1404,38735,18365345
1405,38736,23061502
1406,75601,17044863
1407,38737,18424295
1408,75603,21608806
1409,75602,21622248
1410,75605,17072344
1411,59221,3581071
1412,75604,21654085
1413,38742,8955140
1414,75607,21679886
1415,38743,8942765
1416,75606,17166047
1417,75611,21640190
1418,75612,17041678
1419,38751,18419526
1420,59231,3450911
1421,75614,17022215
1422,38752,23050870
1423,59232,3570738
1424,59233,3663906
1425,38756,18364675
1426,75621,17078997
1427,75623,21629960
1428,75622,21616302
1429,75625,17130212
1430,59241,3534278
1431,75624,17015944
1432,59242,3520323
1433,75627,21647445
1434,59244,3736041
1435,59245,3602354
1436,75631,17092175
1437,59251,3507297
1438,10100,22654798
1439,38772,18379150
1440,59252,3679110
1441,38773,8936919
1442,59253,3541045
1443,59254,3614905
1444,38775,18404561
1445,59255,3512240
1446,14200,21954674
1447,59256,3762033
1448,75641,21635897
1449,59257,3676102
1450,75643,21600660
1451,75642,17062624
1452,75645,17011337
1453,59261,3519104
1454,75644,21637652
1455,59262,3530825
1456,59263,3721558
1457,59264,3660966
1458,59265,3536050
1459,59266,3747735
1460,75651,17176905
1461,75653,21673802
1462,75652,17135559
1463,75654,17187761
1464,75657,17026831
1465,75656,17111331
1466,75661,21601071
1467,34701,15601102
1468,75663,17158362
1469,75662,17054532
1470,38801,18358853
1471,47001,23451891
1472,47002,13017047
1473,51101,21566208
1474,55203,7237511
1475,55204,7254024
1476,55205,9656502
1477,59301,3518141
1478,63400,19479930
1479,55211,7266961
1480,55212,7257040
1481,67501,2744392
1482,67503,2683539
1483,67502,18608221
1484,67505,18590331
1485,67504,18609945
1486,71600,3340601
1487,67507,18588701
1488,67506,18588182
1489,75701,17014158
1490,55221,7337612
1491,67508,18635491
1492,55222,7293593
1493,55224,7371594
1494,55225,7343540
1495,79803,10508210
1496,79802,18577211
1497,79805,10527176
1498,79804,10452516
1499,79807,10428909
1500,79806,10659226
1501,67521,18591663
1502,79809,10647767
1503,79808,10637664
1504,67523,2675218
1505,79811,24794856
1506,67522,2720043
1507,67525,2709066
1508,79813,10643079
1509,67524,2731398
1510,79812,10420665
1511,67527,18592660
1512,67526,13738224
1513,79814,10548661
1514,67529,18629369
1515,79817,10603204
1516,67528,18675654
1517,79816,10445315
1518,67531,18621619
1519,67533,2678713
1520,79821,10414827
1521,67532,2690110
1522,79823,10443371
1523,67534,2712784
1524,79825,10455361
1525,79824,10561498
1526,79827,18574483
1527,79826,10458344
1528,67541,18600441
1529,79829,18575811
1530,79828,10525467
1531,67543,18603777
1532,67542,2714671
1533,79830,10557245
1534,10200,22564047
1535,67545,2681773
1536,67544,2747731
1537,14300,21848017
1538,67551,2718723
1539,18400,22334432
1540,67553,2706881
1541,79841,10418008
1542,67552,18602231
1543,67555,2717808
1544,79843,10585206
1545,67554,2740010
1546,79842,10513523
1547,67557,2751399
1548,79845,10428381
1549,67556,18605109
1550,79844,10613234
1551,67559,18693733
1552,79847,10467408
1553,79846,10425209
1554,79849,10523162
1555,26601,1555332
1556,67560,18660738
1557,79848,10436634
1558,79851,10579125
1559,79853,10464409
1560,79852,10432990
1561,79855,10422871
1562,79854,10481770
1563,79857,10510508
1564,34801,15596826
1565,79856,10421629
1566,34802,15585522
1567,67571,18609147
1568,79858,10439889
1569,67573,18639411
1570,79861,10424172
1571,38901,23050543
1572,34806,15620077
1573,67575,18593275
1574,67574,2701979
1575,79862,10594647
1576,67577,2673487
1577,43001,9077995
1578,67576,2745038
1579,67579,18723071
1580,67578,18598510
1581,34813,15621529
1582,47101,13094432
1583,47102,13047230
1584,34815,15598152
1585,47103,13045342
1586,47104,13015605
1587,47105,13090283
1588,51201,16940806
1589,47106,16554477
1590,51202,16910052
1591,47107,13096907
1592,51203,16915755
1593,47108,13079514
1594,51204,15091074
1595,51206,16883616
1596,47111,16553012
1597,47112,16588649
1598,47113,13059017
1599,59401,3506711
1600,47114,16558197
1601,47115,13069365
1602,51211,16957466
1603,47116,13065556
1604,51212,15053792
1605,63500,19021321
1606,47117,16577663
1607,51213,15039391
1608,47118,13134108
1609,47121,23455721
1610,47123,23131004
1611,67602,18601545
1612,47124,13056832
1613,47125,13028880
1614,71700,3153932
1615,47126,13024817
1616,47127,16585348
1617,47128,13020285
1618,47129,13017870
1619,51231,16927681
1620,51232,15128687
1621,51233,15130801
1622,51234,15099849
1623,51235,16890213
1624,51236,15047636
1625,47141,23123109
1626,51237,15033449
1627,51238,15139972
1628,51241,16951522
1629,51243,16887972
1630,51244,15107116
1631,51245,15111881
1632,51246,16892763
1633,47151,13086316
1634,51247,15100791
1635,47152,16582004
1636,47153,13084780
1637,59441,3727319
1638,47154,16550617
1639,59442,3508315
1640,47155,13049917
1641,51251,16909712
1642,47156,16551443
1643,51252,16950551
1644,59444,3582582
1645,47157,13047701
1646,51253,16945972
1647,59445,3644588
1648,47158,16571100
1649,47161,13043161
1650,47162,13062662
1651,47163,13021842
1652,59451,3521443
1653,10300,22547665
1654,59452,3638413
1655,51261,16923707
1656,59453,3525023
1657,59454,3595919
1658,47167,13067770
1659,51263,18846556
1660,59455,3599701
1661,51264,16956168
1662,59456,3764311
1663,51265,15144453
1664,59457,3747042
1665,59458,3563731
1666,59461,3521851
1667,51271,15093301
1668,26701,1497731
1669,26703,1573969
1670,26705,15464865
1671,26706,5911656
1672,26707,1550659
1673,34901,15584607
1674,26711,22803017
1675,26712,1498851
1676,39001,19779330
1677,39002,19775652
1678,39003,19783051
1679,26716,1589458
1680,26717,1514971
1681,43101,2645173
1682,26718,1513877
1683,43102,2644533
1684,26721,12582051
1685,47201,13014471
1686,26722,15473970
1687,26723,15463451
1688,26724,1494767
1689,26725,19959982
1690,51301,16889339
1691,26726,12583782
1692,26727,22789464
1693,43111,18445471
1694,26728,22807519
1695,26729,8505403
1696,43114,2627191
1697,43115,9102345
1698,59501,3420426
1699,43121,20978324
1700,26741,1605267
1701,26742,1607987
1702,26743,1540840
1703,71800,3228568
1704,43132,20984472
1705,26751,22780203
1706,26753,5918804
1707,26754,21063788
1708,43141,21002134
1709,43143,20983620
1710,34952,15600084
1711,43144,20981449
1712,26761,1506366
1713,34953,15588491
1714,43145,9078932
1715,26762,1648438
1716,26763,1527711
1717,26764,1594257
1718,34958,15603181
1719,43151,11895039
1720,34961,15627829
1721,43153,2637499
1722,43154,9100261
1723,43155,18459421
1724,43156,2638509
1725,43157,2640759
1726,43158,20995091
1727,43159,18502482
1728,43163,9086811
1729,10400,22583211
1730,18600,22348506
1731,43182,2635135
1732,43183,26632021
1733,43184,20991355
1734,26801,1582593
1735,43186,18451314
1736,43191,9083855
1737,35002,3820696
1738,39101,23431831
1739,43201,18446710
1740,47301,13020927
1741,39111,17382751
1742,51401,16882300
1743,39116,6650678
1744,39117,6643663
1745,39118,6630421
1746,39120,6667171
1747,39121,19767498
1748,63700,19360410
1749,39126,6699405
1750,39127,6608531
1751,67801,15187128
1752,39131,6613039
1753,39132,6605885
1754,39133,17319641
1755,71900,3232077
1756,39135,17317436
1757,39136,17362971
1758,76001,4039734
1759,39137,19778686
1760,39142,6676529
1761,39143,6603548
1762,39152,6691293
1763,39153,6709401
1764,39155,6610323
1765,39156,19786671
1766,39161,6655131
1767,39162,6694063
1768,39165,17316138
1769,39171,6604498
1770,39172,17361397
1771,39173,17329566
1772,39174,6714536
1773,39175,17322197
1774,39176,6671608
1775,39181,6604781
1776,26901,21382701
1777,35101,12968854
1778,39201,6607268
1779,35124,3802876
1780,63800,19258071
1781,35131,11844361
1782,35132,11839066
1783,67901,15183556
1784,35134,20860676
1785,67903,7866071
1786,35135,3822915
1787,67902,7822723
1788,67905,1937278
1789,35137,12977179
1790,67904,7920164
1791,72000,3133095
1792,67907,1952277
1793,67906,7824271
1794,67911,7813589
1795,67913,1944002
1796,67915,15195902
1797,67914,2008459
1798,67921,1932438
1799,67923,7799462
1800,67922,7846959
1801,67924,1996479
1802,67931,7888465
1803,67933,2003414
1804,67932,7897553
1805,67935,1986953
1806,67934,1947788
1807,67937,7800584
1808,67936,2041201
1809,67939,2039290
1810,67938,7803613
1811,14700,21822336
1812,67951,7857454
1813,67953,1929780
1814,67952,1925555
1815,67961,7800312
1816,27001,8533881
1817,27002,8545910
1818,67963,7802641
1819,67962,1944886
1820,27004,16446640
1821,27006,8536481
1822,27007,8579121
1823,27008,8530921
1824,27009,8552070
1825,35201,11841648
1826,67971,1928601
1827,67973,2037513
1828,39301,20053339
1829,67972,7822201
1830,67975,2005361
1831,67974,1942859
1832,43401,5139490
1833,67976,7817797
1834,27021,16452283
1835,27023,21348766
1836,27024,21385998
1837,51601,21517665
1838,51603,21534021
1839,27031,8529710
1840,27032,16469739
1841,27033,8529001
1842,27034,16442237
1843,27035,16451546
1844,27036,21362165
1845,63900,19121563
1846,68001,15182746
1847,27041,8530335
1848,27042,8607435
1849,72100,3385175
1850,27051,8565201
1851,27052,8562806
1852,27053,8554498
1853,27054,16441796
1854,27055,8587175
1855,27061,8556709
1856,27062,8597049
1857,27064,16460103
1858,27065,8612412
1859,10700,22552057
1860,14800,21875472
1861,27101,21368724
1862,31200,24400009
1863,35301,17708001
1864,39401,8868671
1865,39403,20064161
1866,39404,20088701
1867,39405,8888051
1868,43501,5132720
1869,43502,5084172
1870,39409,20080743
1871,39411,20057164
1872,39412,20091702
1873,39413,8818223
1874,51701,21551448
1875,39414,8833541
1876,51702,21528152
1877,39415,8845271
1878,43511,5060401
1879,51703,9703004
1880,51704,21515735
1881,43513,5068240
1882,39421,20069219
1883,39422,8824011
1884,51711,21523878
1885,39424,8832625
1886,51712,9758461
1887,43521,5037093
1888,39426,8836442
1889,43522,5030552
1890,39427,20170815
1891,39428,20113765
1892,43524,5038944
1893,43526,5137543
1894,51721,24341151
1895,72200,3164021
1896,51722,9686941
1897,51723,9838783
1898,43532,26058260
1899,51724,21509671
1900,76301,4048059
1901,43533,5056659
1902,51725,9711147
1903,76302,3973085
1904,76307,4057473
1905,39443,8841306
1906,51731,9699473
1907,39444,20121580
1908,51732,9792422
1909,39445,8830363
1910,51733,24347931
1911,39446,8799598
1912,43542,5140803
1913,51734,9834672
1914,76311,4178149
1915,43543,5040639
1916,51735,21532028
1917,76310,3846016
1918,51736,9769871
1919,76313,4098137
1920,43545,8159912
1921,76312,3977081
1922,43546,8157715
1923,76315,3849775
1924,39451,8817316
1925,43547,5048541
1926,76314,4178955
1927,39452,20078404
1928,76317,3985687
1929,51741,9701249
1930,76316,3999149
1931,51742,9726110
1932,76319,4045459
1933,51743,9787780
1934,76318,4122020
1935,39456,8873518
1936,76321,4101421
1937,51745,9732080
1938,76323,3928284
1939,76325,4038355
1940,39461,8778698
1941,76324,4013140
1942,39462,20083734
1943,51750,9706348
1944,39463,8786119
1945,76326,3903249
1946,39464,8852201
1947,51754,9763279
1948,76331,3859291
1949,51755,9802878
1950,39468,8785597
1951,51756,9807462
1952,76333,3890635
1953,51757,9779922
1954,76332,4061616
1955,39470,8776091
1956,76334,3865321
1957,51761,9693041
1958,14900,21969876
1959,51764,9870059
1960,76341,3851176
1961,19000,22502149
1962,76345,3880109
1963,51771,21518190
1964,51772,9734546
1965,51773,9771239
1966,76351,3916651
1967,27201,1388711
1968,19011,22399674
1969,27203,1380061
1970,39491,8776598
1971,19012,22413669
1972,27204,1442112
1973,39492,8842108
1974,39493,8815461
1975,19014,22468251
1976,39494,8791996
1977,19015,22509283
1978,39495,8829187
1979,51783,21538387
1980,19016,22477934
1981,39496,20110626
1982,51784,9767231
1983,76361,3843963
1984,19017,22536001
1985,76363,3919714
1986,76362,3930271
1987,39501,20052910
1988,76364,4064593
1989,51791,24344681
1990,51792,9752897
1991,43601,5072034
1992,51793,9718672
1993,43603,5145872
1994,51801,9691618
1995,51803,21543640
1996,64100,19081197
1997,68201,26990156
1998,72300,3161790
1999,10900,22559833
2000,15000,22042814
2001,35491,20863462
2002,27301,5976821
2003,35493,3818501
2004,27302,1477846
2005,27303,11351039
2006,27304,11348151
2007,27305,1377396
2008,27306,1300393
2009,27307,1488121
2010,27308,1359801
2011,27309,1450972
2012,39601,20054068
2013,27321,1286544
2014,27322,1287869
2015,27323,1262220
2016,27324,1261231
2017,27325,5994063
2018,27326,5988071
2019,27327,1366254
2020,27328,1375091
2021,27329,1309986
2022,56002,24714071
2023,64200,19211201
2024,68301,24378992
2025,27341,1269224
2026,27342,5969751
2027,68303,13868977
2028,27343,1468472
2029,68305,397601
2030,27345,1369091
2031,68304,531537
2032,72400,3176495
2033,68308,435520
2034,27351,12585670
2035,76502,4129385
2036,27353,5959373
2037,27354,1296809
2038,68321,474355
2039,27361,1334221
2040,27362,1280503
2041,68323,464431
2042,27363,5958032
2043,27364,1338200
2044,27371,1265393
2045,27372,1475622
2046,68333,446483
2047,27373,1318080
2048,27374,5959926
2049,68335,480134
2050,27375,5982341
2051,27376,5973511
2052,27377,11349344
2053,27378,5974445
2054,27379,5963613
2055,68341,13852175
2056,11000,21692742
2057,68351,461491
2058,68352,470708
2059,68354,437531
2060,27401,5968411
2061,35601,2604850
2062,35604,20945485
2063,39701,291838
2064,43801,9104208
2065,56101,17966299
2066,56102,17951704
2067,60200,19093136
2068,64300,19058691
2069,56112,5695201
2070,68401,411477
2071,56113,18073379
2072,56114,17939402
2073,56115,5647151
2074,56116,5626137
2075,56117,17943957
2076,56118,18035973
2077,76601,4087615
2078,56122,5635900
2079,56123,17942039
2080,56124,18081461
2081,56125,5659655
2082,56131,18074103
2083,56132,5600898
2084,56133,17970385
2085,56134,18092144
2086,72525,3373541
2087,56141,18057977
2088,72527,3307948
2089,72526,3124321
2090,72529,3169316
2091,72528,3129977
2092,56151,5680891
2093,56152,18085580
2094,56153,17947618
2095,56154,5620546
2096,56155,18040748
2097,56156,5637571
2098,11101,22548564
2099,15200,21998086
2100,56161,17929067
2101,56163,18030866
2102,19300,22429638
2103,56164,5653665
2104,56165,17984815
2105,56166,18077765
2106,56167,18027687
2107,56168,18018025
2108,56169,17928371
2109,56170,18048943
2110,56181,17995892
2111,56182,5631319
2112,35703,20953291
2113,56184,18020038
2114,39801,5504881
2115,56185,17937612
2116,56186,17926751
2117,35707,20943172
2118,35708,20937571
2119,39804,5573939
2120,35709,20935668
2121,43901,19879750
2122,39806,5574595
2123,43902,9115366
2124,39807,5490731
2125,43903,19892403
2126,43904,9129065
2127,43905,19913818
2128,43906,19942435
2129,39811,291455
2130,43907,9182985
2131,43908,9179020
2132,43909,19929358
2133,39815,316008
2134,39816,289523
2135,39817,294209
2136,56201,24712744
2137,39818,298026
2138,43914,19931336
2139,39819,5482305
2140,43915,19940521
2141,56203,24726702
2142,56204,24732214
2143,60300,19140720
2144,39821,303925
2145,39822,368644
2146,64400,19078625
2147,43921,9138188
2148,43922,19895003
2149,35731,2589591
2150,43923,9151443
2151,43924,19922116
2152,68501,13851225
2153,35733,2582686
2154,35734,2602679
2155,43926,9158090
2156,35735,2600251
2157,39831,360082
2158,39832,5499623
2159,39833,301850
2160,39834,300047
2161,39835,349585
2162,43931,9174958
2163,76701,10210172
2164,39842,314978
2165,39843,5587859
2166,43942,19950012
2167,35751,2597845
2168,39847,5495059
2169,39848,5551943
2170,35755,2625644
2171,39851,332232
2172,39852,19792751
2173,39853,363715
2174,43949,9197982
2175,39855,5580048
2176,39858,5495954
2177,39859,308871
2178,43963,9161261
2179,43965,9132767
2180,43967,19923571
2181,43968,9122613
2182,43969,19937628
2183,43971,19909730
2184,15300,22045040
2185,43972,9143572
2186,43975,9164723
2187,43981,9146105
2188,43982,9212906
2189,43983,9169628
2190,43984,9106642
2191,27601,6112226
2192,43985,9187103
2193,43986,9201297
2194,43987,19912196
2195,43988,9109331
2196,35801,20930666
2197,39901,336742
2198,44001,9105581
2199,56301,17924561
2200,68601,18934374
2201,68603,4971213
2202,68605,18943781
2203,68604,4770714
2204,68609,18938426
2205,76801,10238816
2206,76803,20379803
2207,76802,15993981
2208,76805,10236872
2209,76804,10323848
2210,76811,10265538
2211,76813,10233113
2212,76812,10317376
2213,76821,10212019
2214,76823,10218734
2215,76824,10302069
2216,76831,13841459
2217,76833,13814559
2218,76832,16033981
2219,76834,10290311
2220,15400,22036474
2221,76841,10227369
2222,76843,16005601
2223,76842,10304479
2224,27701,6121365
2225,76852,10257632
2226,27703,6129129
2227,27704,6112986
2228,31800,660060
2229,27705,2059282
2230,27706,6167624
2231,27707,2112892
2232,27708,6164412
2233,76861,10214330
2234,27711,6186572
2235,27713,6137342
2236,40001,17790603
2237,27714,2043939
2238,40002,9293540
2239,27715,6200699
2240,40003,17899435
2241,27716,2116146
2242,40004,9301950
2243,44101,9108190
2244,76871,13820338
2245,40007,17890217
2246,27721,2047993
2247,76872,15995224
2248,40010,24985643
2249,76875,16013921
2250,27723,6111149
2251,40011,17872944
2252,27724,11654562
2253,56401,17941156
2254,27731,2071053
2255,27732,6113621
2256,27733,6195831
2257,27734,6136664
2258,27735,2062470
2259,27736,6166733
2260,27737,2061309
2261,27738,2085585
2262,27741,2064103
2263,27742,2094444
2264,68703,4850742
2265,27743,2057603
2266,27744,2056313
2267,68705,4908511
2268,27745,2110555
2269,68704,4826451
2270,27746,2104423
2271,68707,4820177
2272,68706,4768523
2273,68709,4859545
2274,76901,10216197
2275,68708,4667034
2276,68711,4888979
2277,27751,6180892
2278,68710,4927702
2279,27752,2090279
2280,68713,4723724
2281,68712,4919904
2282,68723,4903285
2283,68722,4692667
2284,68725,4806000
2285,68724,4788974
2286,68731,4945778
2287,68733,4678214
2288,68732,4824407
2289,68734,4995457
2290,68737,4834631
2291,68738,4712277
2292,68741,4768230
2293,68742,4914627
2294,15500,22130071
2295,68751,4878493
2296,19600,22500651
2297,68753,4760590
2298,68752,4763963
2299,68755,4738578
2300,68754,4718038
2301,68756,4803591
2302,68761,4679971
2303,27801,6267181
2304,68763,4867050
2305,68762,4704193
2306,68765,4743113
2307,68764,4942132
2308,68767,4729081
2309,68766,4753577
2310,15521,22109421
2311,36001,11896094
2312,68771,4641337
2313,36004,20691432
2314,36005,20684509
2315,36006,20681381
2316,36007,20671199
2317,68774,4900260
2318,36010,20701705
2319,15531,22031936
2320,36017,20701357
2321,36018,20674431
2322,56501,5656508
2323,68801,4990498
2324,56542,18089593
2325,56543,18100724
2326,56544,18070264
2327,56552,5645301
2328,56553,17960819
2329,56555,5641195
2330,15600,22130322
2331,19700,22458751
2332,56601,5699215
2333,19800,22412883
2334,28002,2442337
2335,32100,1062701
2336,40301,17733014
2337,40302,17775540
2338,40313,9326294
2339,36221,11900369
2340,40317,9295534
2341,36225,11898755
2342,40321,17749603
2343,40322,17785154
2344,40323,9348069
2345,40327,26914336
2346,36233,11917172
2347,36234,11949767
2348,36235,11882352
2349,40331,17763525
2350,69002,18991815
2351,36236,11972131
2352,40332,9315756
2353,40334,9353208
2354,40335,9304312
2355,69006,18965369
2356,40336,9332634
2357,40337,9302255
2358,40338,20300999
2359,40339,17738113
2360,40340,17747864
2361,36251,11966289
2362,36262,11897040
2363,36263,11902639
2364,36272,11945800
2365,36273,12014648
2366,15800,22010378
2367,19900,22491783
2368,28101,6094538
2369,28102,14448301
2370,28103,2409313
2371,28104,2454181
2372,32200,24409529
2373,28106,6102956
2374,28107,6086501
2375,36301,11893770
2376,28121,2511339
2377,28123,2420481
2378,28125,2458713
2379,28126,7553552
2380,28127,2432781
2381,28128,22836861
2382,28129,2426315
2383,28130,22831878
2384,56802,15865461
2385,69101,10018077
2386,28141,2412276
2387,69103,10078916
2388,28143,22825878
2389,69102,10136126
2390,28144,22829016
2391,69105,10187901
2392,69104,10076336
2393,28146,21086397
2394,69107,10025103
2395,69106,10162739
2396,69109,10183779
2397,69108,9908471
2398,69111,9917594
2399,28151,2487136
2400,69110,9979387
2401,69112,9901329
2402,69121,10086846
2403,28161,6064132
2404,28162,6078974
2405,69123,9929479
2406,28163,21067953
2407,69122,10036334
2408,69125,10177124
2409,69124,10071849
2410,28166,21088349
2411,69127,10064371
2412,28167,21125635
2413,69126,10068384
2414,69129,9941151
2415,28171,6083455
2416,69130,10174567
2417,69141,18977871
2418,69143,9950800
2419,69142,10125876
2420,11800,21693919
2421,69145,10045945
2422,69144,9999132
2423,69146,18972683
2424,15900,22038400
2425,69151,15287378
2426,69153,10111069
2427,69152,9986022
2428,69155,10006893
2429,69154,10118039
2430,69156,9961224
2431,28201,22829342
2432,69163,10157298
2433,69162,10121935
2434,32300,24415120
2435,69165,9993304
2436,69164,23962194
2437,69167,10099701
2438,36401,11910364
2439,69168,10093141
2440,69171,9931155
2441,69173,9993037
2442,69172,9900357
2443,40502,206989
2444,69175,9905120
2445,69174,10155309
2446,40505,239321
2447,69176,10104879
2448,69181,9915583
2449,69183,9943323
2450,69182,10031472
2451,69185,9935266
2452,69186,10042113
2453,69189,9926801
2454,56901,15886794
2455,69188,10005021
2456,56902,15875971
2457,56903,1821539
2458,56904,15868621
2459,56905,15866661
2460,56906,1920146
2461,56907,1862731
2462,56911,1805240
2463,56912,15920569
2464,69201,9899031
2465,56914,1912780
2466,73301,24206911
2467,56921,15870162
2468,56922,15903893
2469,56923,1915967
2470,56924,1790404
2471,36452,11902094
2472,56932,15956547
2473,36453,11926651
2474,56933,1777793
2475,56934,1788302
2476,56935,1918591
2477,36461,11893231
2478,56941,1816608
2479,56942,1876341
2480,56943,1799479
2481,36464,11889306
2482,56944,1882856
2483,36471,11887176
2484,56951,1843745
2485,56953,1859994
2486,56955,1867059
2487,11900,21690278
2488,56956,1836731
2489,56957,1869299
2490,16000,22284273
2491,56961,1780743
2492,56962,1879839
2493,56963,15906825
2494,56965,1833138
2495,56966,15895343
2496,56967,15926869
2497,56971,1811568
2498,56972,1849417
2499,56973,18913253
2500,56974,15964761
2501,56982,1807293
2502,56991,15896536
2503,56992,1794329
2504,56993,1801350
2505,56994,15962661
2506,57001,1837991
2507,69301,9957049
2508,73401,23238291
2509,16100,22232486
2510,28401,11359501
2511,28403,11438258
2512,28404,11441941
2513,40701,89150
2514,40702,62570
2515,40703,281981
2516,40711,257184
2517,40713,54097
2518,40714,19
2519,53002,7482809
2520,40715,74021
2521,53003,7684797
2522,40716,161497
2523,40717,22802
2524,57101,1925369
2525,53006,7768401
2526,61200,19693508
2527,40721,4065
2528,53009,7728514
2529,40722,153800
2530,40723,194115
2531,40724,279595
2532,40725,85171
2533,40729,203912
2534,73503,24207624
2535,73506,24221031
2536,40741,8290
2537,40742,58416
2538,73511,16994663
2539,40744,27758
2540,40745,47091
2541,40746,164551
2542,40747,3638
2543,73514,16983530
2544,40751,70670
2545,40752,162752
2546,40753,41718
2547,40755,9822
2548,40756,38105
2549,40757,20494
2550,40760,1864
2551,40761,76040
2552,73531,18813712
2553,73533,5814243
2554,73532,14230020
2555,73535,5802504
2556,73534,5744946
2557,73541,18161031
2558,73543,18129765
2559,73542,14227487
2560,16200,22216596
2561,40777,139599
2562,40778,283215
2563,40779,195073
2564,40780,201600
2565,40781,49387
2566,40782,13749
2567,73551,18810462
2568,40784,52230
2569,73553,18137661
2570,73552,18827292
2571,28501,11463767
2572,28502,11533404
2573,28504,22827901
2574,32600,24402419
2575,73561,23235624
2576,28506,2991683
2577,28507,11495758
2578,73562,5754828
2579,28509,11404311
2580,73564,24883956
2581,28510,11385774
2582,28511,11467533
2583,40801,37893
2584,73571,7942575
2585,73572,18148999
2586,28521,11586494
2587,28522,11367903
2588,28523,11564059
2589,73581,18808603
2590,28525,11366567
2591,57201,1847112
2592,28531,11470216
2593,28532,11468564
2594,28533,11369060
2595,69501,23181541
2596,28541,11452943
2597,28542,11379626
2598,28543,11481960
2599,73601,24852031
2600,28545,11410264
2601,28546,11551488
2602,28547,11417846
2603,28561,11606452
2604,28562,11394706
2605,28563,11491264
2606,28564,11569191
2607,28565,11596198
2608,28571,11570431
2609,28572,11360348
2610,28573,11601884
2611,28574,11580038
2612,28575,11603674
2613,28576,11400480
2614,16300,22243551
2615,28601,11361735
2616,61400,19239866
2617,69601,13528726
2618,69603,13672967
2619,69602,13516060
2620,69605,13467131
2621,73701,5749361
2622,69604,13555286
2623,69606,13590715
2624,69611,23157887
2625,69613,13568361
2626,69612,13405292
2627,69615,13375024
2628,69614,13370804
2629,69617,13391593
2630,69616,23168129
2631,69619,23148454
2632,69618,13456741
2633,69621,13421999
2634,69631,13368419
